{"wer": [0.198046875, 0.21942446043165467, 0.2094446873633581, 0.32695729537366547, 0.22873658133773742], "wer_avg": 0.23652197990128312, "cer": [0.198046875, 0.21942446043165467, 0.2094446873633581, 0.32695729537366547, 0.22873658133773742], "cer_avg": 0.23652197990128312, "wer_adjusted": [0.14751868030879567, 0.10977032294415738, 0.1283232236530564, 0.19835798313562955, 0.13773756800122744], "wer_adjusted_avg": 0.14434155560857329}
