{"hit": [0.7916447252940144, 0.8083799891638072, 0.8507104262557534, 0.7025621267578501, 0.7709996199163816], "miss": [0.08916973845883798, 0.11143218349286617, 0.08785271162697618, 0.10017337699865152, 0.0974914481185861], "confusion": [0.10900473933649289, 0.0711576666064656, 0.05063037822693616, 0.18686187632440762, 0.12048650703154694], "false_alarm": [0.3768650166754432, 0.7682860754921438, 0.4640784470682409, 0.48950105952610284, 0.8299125807677689], "correct_reject": [0.010180796910654731, 0.009030160736861116, 0.010806483890334201, 0.010402619919090734, 0.011022424933485367], "total": [5697, 5537, 4997, 5191, 5262], "micro_precision": [0.8789709608263496, 0.9190965092402464, 0.9438277087033747, 0.7899068659302577, 0.8648475804732466], "micro_recall": [0.8987644479872459, 0.8788533280973886, 0.9063965884861407, 0.8752099832013439, 0.8877461706783369], "micro_f1": [0.8887575130554733, 0.8985245408009636, 0.9247335218620839, 0.8303734061930783, 0.8761472843105494], "micro_f1_avg": 0.8837072532444298}
