{"total": [754.2199999999996, 769.6700000000003, 709.43, 677.56, 755.07], "confusion": [86.23031250000017, 82.9434374999995, 66.89750000000124, 67.65906250000005, 76.26656250000082], "missed detection": [27.530312500000207, 66.11968750000113, 40.84312499999952, 51.58843750000181, 50.30968749999926], "correct": [640.4593749999992, 620.6068749999996, 601.6893749999991, 558.3124999999982, 628.4937500000001], "false alarm": [10.579062499999921, 18.27781250000093, 16.70687499999983, 35.545312500001806, 18.400937499999333], "diarization error rate": [0.16485864535546707, 0.21741907245962752, 0.1754189983507895, 0.2284562437274982, 0.19200496311600165], "detection error rate": [0.050528194691204356, 0.10965413748749729, 0.08112146371030171, 0.12859931223803592, 0.09099901333650996], "der_avg": 0.1956315846018768}
